epsilon_requested,runs,mean_relative_error,std_relative_error,p95_relative_error,median_relative_error,bootstrap_ci95_low_relative_error,bootstrap_ci95_high_relative_error,measurement_type
0.05,30,0.17217186444593943,0.13098807868602858,0.3726650276231831,0.1711633743094204,0.1285527230750413,0.22104607582614727,measured
0.1,30,0.06741944903131987,0.04719162943385733,0.14454951379120543,0.06005676513159236,0.05237447974639676,0.08467680337254262,measured
0.2,30,0.03701464334495342,0.02649065974566759,0.07885543493772042,0.03810902493221617,0.028056423545280953,0.04651392476844775,measured
0.25,30,0.031281235262539155,0.024349138103650057,0.07412786170060955,0.021853046704584836,0.022940306080497967,0.040103192448304216,measured
0.5,30,0.01613782779170829,0.011717291328809405,0.03799194646606732,0.014655454304527755,0.012251935865288565,0.020313038754000777,measured
1.0,30,0.007430177563044055,0.005552357506003722,0.01681169041648829,0.007035726662997167,0.0055976417854157745,0.009369744545015934,measured
