epsilon_requested,runs,mean_relative_error,std_relative_error,p95_relative_error,measurement_type
0.05,8,0.16257182792082034,0.1124699542997465,0.30637341345075736,measured
0.1,8,0.08997078415183576,0.10347346538376948,0.2652458371557296,measured
0.2,8,0.03888220394267425,0.033827181697954116,0.09445796587364688,measured
0.25,8,0.03279989501151815,0.023570096580621726,0.06243344036042648,measured
0.5,8,0.018420945202128308,0.008352204944707805,0.030465817585061058,measured
1.0,8,0.0054595157278861635,0.0036380717571878273,0.010524130022628586,measured
