epsilon_requested,runs,mean_relative_error,std_relative_error,p95_relative_error,measurement_type
0.05,30,0.15037490401538472,0.12356379108769669,0.39167984221148555,measured
0.1,30,0.0943848340910172,0.06926301686310157,0.2004973324771166,measured
0.2,30,0.03373123492277061,0.02621216860675772,0.08465326789391067,measured
0.25,30,0.025590002650194687,0.021038050735106003,0.06220192139114836,measured
0.5,30,0.01901805937795174,0.011357061940349134,0.03452519519703178,measured
1.0,30,0.008176748958609396,0.005704101174026157,0.016799914378325485,measured
