variant,measurement_type,runs,mean_latency_ms,std_latency_ms,p50_latency_ms,p95_latency_ms,mean_throughput_req_s,mean_total_gas,success_rate
baseline_minimal,measured,5,0.002,0.0,0.002,0.002,500000.0,0.0,1.0
access_only,measured,5,5.84180000051856,0.5701963574116541,5.9878000020980835,6.347959999740124,172.62253202913948,433332.0,1.0
no_budget,measured,5,372.0548999976039,18.84451618507412,369.16139999556543,396.8100200008929,2.693124921139634,1103425.8,1.0
no_zk,measured,5,185.4412799994111,51.36820725210566,168.03880000302195,255.59011999478344,5.651888739821681,685558.8,1.0
no_tee,model_calibrated_from_measured_components,5,242.6147200013697,21.441499897097216,239.02420000430942,271.1117600019276,4.1460712167916824,1370254.0,1.0
full_trustcircuit,measured,5,371.2704999988079,17.822477377716353,365.68369999811057,392.16514000018236,2.6983710328316732,1370222.8,1.0
