stage,measurement_type,mean_latency_ms,p95_latency_ms
access,measured,4.896719999797642,5.9902100006118415
budget,measured,2.8345733332137266,3.6426400004886093
tee,measured,138.03286666666668,164.09295
proof,measured,226.9109133331726,263.7689600000158
settlement,measured,5.970530000018576,7.104170000180602
audit,measured,0.0,0.0
