concurrency,runs,mean_accepted,mean_reverted,mean_settlement_latency_ms,p2_5_settlement_latency_ms,p50_settlement_latency_ms,p95_settlement_latency_ms,p97_5_settlement_latency_ms,mean_throughput_req_s,budget_invariant_violations,measurement_type
1,30,1.0,0.0,3.53238999992609,2.651685000141151,3.1146999998018146,6.4989249994512654,7.4950299995951335,305.9108530639948,0,measured_local_hardhat
2,30,1.0,1.0,3.656800000059108,3.1338675004895777,3.4666499993763864,4.435040000220761,4.567612500186078,277.3916091195631,0,measured_local_hardhat
4,30,2.0,2.0,3.3051649999960016,2.7148025002330542,3.220949999988079,3.8178025000263007,4.016312499856576,306.00023467754914,0,measured_local_hardhat
8,30,4.0,4.0,2.9924183333214995,2.5843181250267664,2.9677999999839813,3.416531249915715,3.443677499954356,336.13713943188924,0,measured_local_hardhat
16,30,8.0,8.0,3.302673333332253,2.7213025000179187,2.957618749991525,5.27104625000502,5.5490506250003815,315.8183367093896,0,measured_local_hardhat
32,30,16.0,16.0,2.706502291659126,2.5152114062264443,2.724443750019418,2.8719915624998977,2.8875432812434156,370.0038569511993,0,measured_local_hardhat
